Comment,Sentiment,Time,Sentiment_Category,Cleaned_Comment
"This is a 3D printed, self-righting, AiAi that you can put inside a ball to play Super Monkey Ball.  I originally built the setup to play Armadillo Racing using a soccer ball, some cardboard and deodorant rollers but then some folk online suggested trying it with Katamari Damacy and Super Monkey Ball.  The original mouse setup I used didn't work with the clear plastic ball so I also had to re-create a ball mouse to pick up the ball's movements.  

Music Credit: Banana Phone by Raffi",0.9636,2024-07-23 11:03:07,Positive,"this is a 3d printed, self-righting, aiai that you can put inside a ball to play super monkey ball.  i originally built the setup to play armadillo racing using a soccer ball, some cardboard and deodorant rollers but then some folk online suggested trying it with katamari damacy and super monkey ball.  the original mouse setup i used didn't work with the clear plastic ball so i also had to re-create a ball mouse to pick up the ball's movements.  

music credit: banana phone by raffi"
This is insane.,-0.4019,2024-07-23 11:44:24,Negative,this is insane.
"I know of the game but never played it, but this... absolutely glorious work!!!!!",0.7816,2024-07-23 11:19:01,Positive,"i know of the game but never played it, but this... absolutely glorious work!!!!!"
Lol that return to trackball mice XD. Pretty interesting input device you made there.,0.9222,2024-07-23 13:10:16,Positive,lol that return to trackball mice xd. pretty interesting input device you made there.
That's pretty awesome. 😁,0.8074,2024-07-23 11:45:19,Positive,that's pretty awesome. 😁
"The print to turn a laser mouse into a ball mouse should be on the unnecessary inventions channel. 

awesome project!",0.6588,2024-07-23 15:41:05,Positive,"the print to turn a laser mouse into a ball mouse should be on the unnecessary inventions channel. 

awesome project!"
🦧,0.0,2024-07-23 11:25:36,Neutral,🦧
🐒,0.0,2024-07-23 11:42:58,Neutral,🐒
"Man, that's cool!",0.3802,2024-07-23 12:03:54,Positive,"man, that's cool!"
"damnnn so cool man 
keep it up :)))",0.3804,2024-07-23 12:57:07,Positive,"damnnn so cool man 
keep it up :)))"
"That's truly magnificent. Thank you for making my day, and my life, better by sharing this.

I'm not joking, that really is damn cool - even the presentation video.",0.9173,2024-07-23 16:45:09,Positive,"that's truly magnificent. thank you for making my day, and my life, better by sharing this.

i'm not joking, that really is damn cool - even the presentation video."
[Combine forces!](https://www.youtube.com/watch?v=rBz1zSJl5Vo),0.0,2024-07-23 18:14:53,Neutral,[combine forces!](https://www.youtube.com/watch?v=rbz1zsjl5vo)
"This is awesome, love me some monkey balls 🤤",0.8519,2024-07-23 18:33:50,Positive,"this is awesome, love me some monkey balls 🤤"
I got the biggest smile seeing a ball used for an optical mouse.,0.3612,2024-07-23 22:59:19,Positive,i got the biggest smile seeing a ball used for an optical mouse.
"You reinvented the old mouse? 😁  (the mouse with the trackball on the bottom)  
you know. If you can get the old ones would be optimal. They have better grip, specially on that surface.",0.6597,2024-07-23 13:00:59,Positive,"you reinvented the old mouse? 😁  (the mouse with the trackball on the bottom)  
you know. if you can get the old ones would be optimal. they have better grip, specially on that surface."
"Gotta admit, that's pretty kewl!!!",0.8007,2024-07-23 20:30:14,Positive,"gotta admit, that's pretty kewl!!!"
"Ahh raffi. One of the original viral videos from the days of newgrounds, fat pie, b3ta etc. The glory days of the internet


https://youtu.be/YLNa2J_8Z7o?si=CTW03HItfeiEKC0Y",0.7003,2024-07-23 20:30:15,Positive,"ahh raffi. one of the original viral videos from the days of newgrounds, fat pie, b3ta etc. the glory days of the internet


https://youtu.be/ylna2j_8z7o?si=ctw03hitfeiekc0y"
Something about engineering a ball mouse out of an optical mouse makes me giggle.... Not sure why,-0.2411,2024-07-23 22:59:26,Negative,something about engineering a ball mouse out of an optical mouse makes me giggle.... not sure why
"very cool. i can never play super monkey ball ever again. i got drunk with a friend once, like really, really drunk and we decided to play that game. both of us were puking for like half the day. bad idea.",-0.7597,2024-07-24 01:23:50,Negative,"very cool. i can never play super monkey ball ever again. i got drunk with a friend once, like really, really drunk and we decided to play that game. both of us were puking for like half the day. bad idea."
Prob my fav Rafi song,0.4588,2024-07-23 15:25:31,Positive,prob my fav rafi song
Uhhhhh this is making me feel like I’ve lived my entire life inside the monkey ball. HOW?!,0.4199,2024-07-23 13:46:14,Positive,uhhhhh this is making me feel like i’ve lived my entire life inside the monkey ball. how?!
make it even bigger and this would be an amazing arcade game.,0.5859,2024-07-23 15:13:39,Positive,make it even bigger and this would be an amazing arcade game.
an arcade super monkey ball with this would be awesome,0.8402,2024-07-23 15:48:36,Positive,an arcade super monkey ball with this would be awesome
Shut up and take my money,0.0,2024-07-23 16:35:16,Neutral,shut up and take my money
Spectacular!,0.0,2024-07-24 04:16:32,Neutral,spectacular!
"The anxiety of finally getting on that E string only to fall off mid way. 

Such a great series. I still have my original copy and a working GameCube.

Very well done.",0.796,2024-07-24 04:29:40,Positive,"the anxiety of finally getting on that e string only to fall off mid way. 

such a great series. i still have my original copy and a working gamecube.

very well done."
That's quite creative,0.4927,2024-07-23 11:08:39,Positive,that's quite creative
"Holy crap, I've played hundreds of hours of Katamari Damacy, and I've never even considered the idea of what it would be like with a customized, rolling based controller... Now I need this in my life.",0.3182,2024-07-23 14:59:36,Positive,"holy crap, i've played hundreds of hours of katamari damacy, and i've never even considered the idea of what it would be like with a customized, rolling based controller... now i need this in my life."
What software did you use to map mouse movements to joystick movements? I've been trying to get something like this to work forever.,0.4939,2024-07-23 16:02:00,Positive,what software did you use to map mouse movements to joystick movements? i've been trying to get something like this to work forever.
Lol I wasn't tripping when I thought those are deodorant rollers.. Props for the very good job mate..!,0.7419,2024-07-23 23:23:20,Positive,lol i wasn't tripping when i thought those are deodorant rollers.. props for the very good job mate..!
Super cool thing!,0.7574,2024-07-23 12:56:31,Positive,super cool thing!
Thanks!,0.4926,2024-07-23 12:02:39,Positive,thanks!
"It's such a good game! Once you understand that you're moving the entire world and not the ball, it does tend to get a lot easier! Had a lot of fun nights playing this with my friends.",0.9258,2024-07-23 11:59:46,Positive,"it's such a good game! once you understand that you're moving the entire world and not the ball, it does tend to get a lot easier! had a lot of fun nights playing this with my friends."
Thanks!,0.4926,2024-07-23 12:03:08,Positive,thanks!
"Cheers.  Yes, nature is healing.",0.7003,2024-07-23 13:12:48,Positive,"cheers.  yes, nature is healing."
Cheers!,0.5255,2024-07-23 12:02:47,Positive,cheers!
Cheers!,0.5255,2024-07-23 17:22:27,Positive,cheers!
Cheers!,0.5255,2024-07-23 13:27:14,Positive,cheers!
Thanks - glad you enjoyed it!,0.8588,2024-07-23 17:23:15,Positive,thanks - glad you enjoyed it!
I hadn't seen his cabinet build prior to posting some videos of my controller online but a few people sent me the link and tagged iDubbbz.  His cabinet is very cool.,0.5251,2024-07-23 21:41:57,Positive,i hadn't seen his cabinet build prior to posting some videos of my controller online but a few people sent me the link and tagged idubbbz.  his cabinet is very cool.
Super!,0.636,2024-07-23 21:58:10,Positive,super!
Thanks for the suggestion.  This rubber ball works pretty well and a lot of older mice (mouses?) don't make reliable contact with the rollers when they're upside down.,0.802,2024-07-23 13:12:00,Positive,thanks for the suggestion.  this rubber ball works pretty well and a lot of older mice (mouses?) don't make reliable contact with the rollers when they're upside down.
"Ohh fuck, I thought it was a old mouse with a raised ball setup. This makes so much more sense",-0.5423,2024-07-23 13:19:06,Negative,"ohh fuck, i thought it was a old mouse with a raised ball setup. this makes so much more sense"
"I don't think it would have better grip, he's using what looks like a rubber bouncy ball as is, which almost definitely has a larger surface area touching the plastic enclosure. I also imagine that would mess with the sensitivity, kind of like a gear ratio. You could probably adjust for it, but the tiny tracking ball would be moving really fast and potentially get worn out quicker. Also fun fact, there's a modern version of those mouses with a larger ball located on top that you move directly with your fingers, called a [trackball mouse](https://i.rtings.com/assets/pages/JzXAWjvq/best-trackball-mouse3-medium.jpg?format=auto).",0.8049,2024-07-23 13:18:51,Positive,"i don't think it would have better grip, he's using what looks like a rubber bouncy ball as is, which almost definitely has a larger surface area touching the plastic enclosure. i also imagine that would mess with the sensitivity, kind of like a gear ratio. you could probably adjust for it, but the tiny tracking ball would be moving really fast and potentially get worn out quicker. also fun fact, there's a modern version of those mouses with a larger ball located on top that you move directly with your fingers, called a [trackball mouse](https://i.rtings.com/assets/pages/jzxawjvq/best-trackball-mouse3-medium.jpg?format=auto)."
"I think you mean ""take my monkey""",0.0,2024-07-23 23:37:47,Neutral,"i think you mean ""take my monkey"""
Cheers!,0.5255,2024-07-23 12:01:25,Positive,cheers!
Quite?? Very!! 👍,0.0,2024-07-23 11:51:46,Neutral,quite?? very!! 👍
"Enjoy!  
[https://www.reddit.com/r/interestingasfuck/comments/10wts2h/no\_budget\_game\_controller\_made\_from\_rollon/](https://www.reddit.com/r/interestingasfuck/comments/10wts2h/no_budget_game_controller_made_from_rollon/)",0.5411,2024-07-23 17:12:35,Positive,"enjoy!  
[https://www.reddit.com/r/interestingasfuck/comments/10wts2h/no\_budget\_game\_controller\_made\_from\_rollon/](https://www.reddit.com/r/interestingasfuck/comments/10wts2h/no_budget_game_controller_made_from_rollon/)"
"This is the Game Cube version of Super Monkey ball running in the Dolphin emulator with the mouse mapped directly to the ""Control Stick"" via the 'Controller Setup"" options. For Armadillo Racing (in MAME) and Katamari (PS2 emulator) I wrote FreePIE scripts that mapped the mouse movements onto a vJoy virtual joystick that was then mapped to the emulator controls.",0.6808,2024-07-23 17:18:54,Positive,"this is the game cube version of super monkey ball running in the dolphin emulator with the mouse mapped directly to the ""control stick"" via the 'controller setup"" options. for armadillo racing (in mame) and katamari (ps2 emulator) i wrote freepie scripts that mapped the mouse movements onto a vjoy virtual joystick that was then mapped to the emulator controls."
Cheers!,0.5255,2024-07-23 23:36:43,Positive,cheers!
"Yes, this goes against the mechanic that you're actually titling the level to move the ball but it feels really intuitive to play this way and it's still a lot of fun.",0.8688,2024-07-23 12:02:29,Positive,"yes, this goes against the mechanic that you're actually titling the level to move the ball but it feels really intuitive to play this way and it's still a lot of fun."
"ah, you are right! I forgot about that.",0.0,2024-07-23 13:16:54,Neutral,"ah, you are right! i forgot about that."
"Look for USB ""trackball mouse"" on eBay, they're designed for the ball up be on the top. Second hand should only be a couple of bucks.

Amazing project, BTW!!",0.855,2024-07-23 13:55:58,Positive,"look for usb ""trackball mouse"" on ebay, they're designed for the ball up be on the top. second hand should only be a couple of bucks.

amazing project, btw!!"
"> (mouses?)

Meeces.",0.0,2024-07-23 15:45:18,Neutral,"> (mouses?)

meeces."
"Yes, it's just an optical mouse.  For the soccer ball I used another deodorant roller which rolled with the movement of the ball but there' wasn't enough friction with this plastic ball and it didn't work optically so I re-invented the ball mouse.",0.2144,2024-07-23 13:26:16,Positive,"yes, it's just an optical mouse.  for the soccer ball i used another deodorant roller which rolled with the movement of the ball but there' wasn't enough friction with this plastic ball and it didn't work optically so i re-invented the ball mouse."
"Modern compared to what? Logitech released their first trackball mouse, the TrackMan, in 1989.",0.0,2024-07-23 19:42:45,Neutral,"modern compared to what? logitech released their first trackball mouse, the trackman, in 1989."
More than a smidge.,0.0,2024-07-23 18:22:34,Neutral,more than a smidge.
"My hero. Now, to get to work!",0.5983,2024-07-23 23:52:12,Positive,"my hero. now, to get to work!"
"Oh, perfectly straightforward then! 

I joke, this thing is awesome!",0.9018,2024-07-23 19:05:41,Positive,"oh, perfectly straightforward then! 

i joke, this thing is awesome!"
...to pieces!,0.0,2024-07-23 17:21:35,Neutral,...to pieces!
